{"model_names": ["DAN-batch-256.pth", "DAN-batch-128.pth", "DAN-batch-64.pth"], "accuracies": [0.7078573418779605, 0.7142658122039566, 0.7015881861242687], "confusion_matrices": [[[681, 73, 0, 35, 13, 22, 7], [61, 549, 4, 23, 198, 109, 80], [0, 5, 74, 4, 9, 19, 0], [30, 18, 1, 1573, 40, 27, 85], [12, 152, 1, 38, 733, 129, 182], [13, 102, 13, 24, 127, 618, 61], [14, 54, 1, 65, 185, 61, 853]], [[677, 79, 0, 32, 12, 16, 15], [64, 577, 3, 13, 189, 103, 75], [0, 7, 72, 4, 6, 20, 2], [27, 24, 0, 1589, 29, 21, 84], [9, 170, 5, 37, 730, 124, 172], [13, 97, 19, 24, 110, 621, 74], [14, 61, 1, 66, 173, 57, 861]], [[689, 66, 0, 31, 16, 17, 12], [81, 509, 0, 23, 211, 114, 86], [1, 6, 73, 7, 7, 16, 1], [33, 26, 0, 1573, 30, 31, 81], [18, 141, 3, 36, 758, 108, 183], [18, 93, 16, 18, 123, 624, 66], [19, 71, 1, 79, 185, 68, 810]]], "classification_reports": [{"0": {"precision": 0.8397040690505548, "recall": 0.8194945848375451, "f1-score": 0.8294762484774665, "support": 831.0}, "1": {"precision": 0.5760755508919203, "recall": 0.5361328125, "f1-score": 0.5553869499241275, "support": 1024.0}, "2": {"precision": 0.7872340425531915, "recall": 0.6666666666666666, "f1-score": 0.7219512195121951, "support": 111.0}, "3": {"precision": 0.8927355278093076, "recall": 0.8866967305524239, "f1-score": 0.8897058823529411, "support": 1774.0}, "4": {"precision": 0.5616858237547893, "recall": 0.5878107457898958, "f1-score": 0.5744514106583072, "support": 1247.0}, "5": {"precision": 0.6274111675126903, "recall": 0.6450939457202505, "f1-score": 0.6361296963458569, "support": 958.0}, "6": {"precision": 0.6727129337539433, "recall": 0.6918085969180859, "f1-score": 0.6821271491403439, "support": 1233.0}, "accuracy": 0.7078573418779605, "macro avg": {"precision": 0.7082227307609139, "recall": 0.690529154712124, "f1-score": 0.6984612223444626, "support": 7178.0}, "weighted avg": {"precision": 0.7090733377778552, "recall": 0.7078573418779605, "f1-score": 0.7081780096053687, "support": 7178.0}}, {"0": {"precision": 0.8420398009950248, "recall": 0.8146811070998796, "f1-score": 0.8281345565749235, "support": 831.0}, "1": {"precision": 0.5684729064039409, "recall": 0.5634765625, "f1-score": 0.5659637076998528, "support": 1024.0}, "2": {"precision": 0.72, "recall": 0.6486486486486487, "f1-score": 0.6824644549763034, "support": 111.0}, "3": {"precision": 0.9002832861189801, "recall": 0.8957158962795941, "f1-score": 0.8979937835546765, "support": 1774.0}, "4": {"precision": 0.5844675740592474, "recall": 0.5854049719326383, "f1-score": 0.5849358974358975, "support": 1247.0}, "5": {"precision": 0.6455301455301455, "recall": 0.6482254697286013, "f1-score": 0.646875, "support": 958.0}, "6": {"precision": 0.6710833982852689, "recall": 0.6982968369829684, "f1-score": 0.6844197138314785, "support": 1233.0}, "accuracy": 0.7142658122039566, "macro avg": {"precision": 0.7045538730560867, "recall": 0.6934927847389043, "f1-score": 0.6986838734390188, "support": 7178.0}, "weighted avg": {"precision": 0.7151809215262008, "recall": 0.7142658122039566, "f1-score": 0.7146185568380542, "support": 7178.0}}, {"0": {"precision": 0.8020954598370198, "recall": 0.8291215403128761, "f1-score": 0.8153846153846154, "support": 831.0}, "1": {"precision": 0.5581140350877193, "recall": 0.4970703125, "f1-score": 0.5258264462809917, "support": 1024.0}, "2": {"precision": 0.7849462365591398, "recall": 0.6576576576576577, "f1-score": 0.7156862745098039, "support": 111.0}, "3": {"precision": 0.8902093944538766, "recall": 0.8866967305524239, "f1-score": 0.888449590511155, "support": 1774.0}, "4": {"precision": 0.5699248120300752, "recall": 0.6078588612670409, "f1-score": 0.5882809468374078, "support": 1247.0}, "5": {"precision": 0.6380368098159509, "recall": 0.651356993736952, "f1-score": 0.6446280991735537, "support": 958.0}, "6": {"precision": 0.6537530266343826, "recall": 0.656934306569343, "f1-score": 0.6553398058252428, "support": 1233.0}, "accuracy": 0.7015881861242687, "macro avg": {"precision": 0.6995828249168806, "recall": 0.6838137717994704, "f1-score": 0.6905136826461101, "support": 7178.0}, "weighted avg": {"precision": 0.7010899391639742, "recall": 0.7015881861242687, "f1-score": 0.7008575768613492, "support": 7178.0}}]}